"ID","Description","setSize","enrichmentScore","NES","pvalue","p.adjust","qvalue","rank","leading_edge","core_enrichment"
"hsa04820","Cytoskeleton in muscle cells",144,0.456141182301924,2.84085717489538,1e-10,1.585e-08,1.02105263157895e-08,1422,"tags=49%, list=18%, signal=41%","ACTB/MYL9/TPM2/VIM/TPM1/MYH11/PDLIM7/ITGB1/FHL1/CSRP1/SYNPO2/MYH10/LMOD1/BGN/ACTG2/COL6A2/TLN1/TPM4/ITGA8/CSRP2/VCL/DAAM1/ENO1/SGCA/MYH9/SDC2/ITGA5/COL6A1/FN1/COL4A2/TMEM43/ELN/LBR/COL4A4/ITGA1/SYNE1/ITGA7/COL4A1/ACTA1/ITGA10/SYNE2/AMPD2/SGCD/ACTN2/ITGAV/DMD/DES/SYNE3/VCAN/FHL3/FLNC/LDB3/ATP1A1/MYOZ2/ANK3/ITGB8/COL9A3/ITGB4/COL1A2/SDC4/ACTC1/TLN2/ITGA3/COL5A2/DIAPH2/FHL2/THBS2/ITGB5/ATP1A2/PLEC"
"hsa04510","Focal adhesion",134,0.428917951298565,2.60938900127195,1e-10,1.585e-08,1.02105263157895e-08,1442,"tags=46%, list=18%, signal=38%","ACTB/MYL9/ITGB1/FLNA/ACTN1/PPP1R12B/MYLK/CAV1/MYL12A/COL6A2/TLN1/ITGA8/PPP1CB/VCL/ROCK1/ITGA5/COL6A1/FN1/COL4A2/EMP2/PDGFRB/PDGFRA/CTNNB1/COL4A4/PTK2/ITGA1/CAPN2/ITGA7/COL4A1/RAC2/BCAR1/PDGFD/ARHGAP5/ITGA10/GRB2/CCND2/ITGAV/JUN/PIK3R1/ROCK2/DOCK1/LAMB1/ITGB8/FLNB/PDGFA/COL9A3/ITGB4/RAF1/LAMB2/CCND1/COL1A2/LAMA5/TLN2/ERBB2/ITGA3/IGF1R/THBS2/AKT2/ITGB5/SOS1/RAP1B/CCND3"
"hsa04810","Regulation of actin cytoskeleton",118,0.424453916008172,2.53495331285458,7.67514703017804e-10,8.11007202855479e-08,5.22448604861242e-08,1364,"tags=46%, list=17%, signal=38%","RGCC/ACTB/MYL9/MYH11/ITGB1/ACTN1/PPP1R12B/MYLK/MYH10/MYL12A/CFL2/ITGA8/PPP1CB/VCL/ROCK1/MSN/MYH9/ITGA5/ENAH/RRAS/IQGAP1/FN1/CYFIP2/PDGFRB/PDGFRA/PTK2/ITGA1/ITGA7/GSN/RAC2/BCAR1/PDGFD/ITGA10/ITGAV/RDX/PIK3R1/ROCK2/DOCK1/FGF1/ITGB2/ITGB8/PDGFA/ITGB4/RAF1/CXCL12/RRAS2/ITGA3/DIAPH2/ARPC5L/FGF7/AKT2/ITGB5/SOS1/MRAS"
"hsa05132","Salmonella infection",118,0.420143325510635,2.50920930331673,1.28703258875907e-09,1.01997332659156e-07,6.57064005840158e-08,2403,"tags=56%, list=30%, signal=39%","ACTB/MYL9/FLNA/RHOB/GAPDH/MYL12A/HSP90AA1/TUBA1B/TUBA1A/HSP90B1/TUBB/TUBB6/ANXA2/RRAS/TUBB4B/MAP2K6/CYFIP2/CYCS/CTNNB1/AHNAK/DYNC1LI2/TNFRSF1A/FOS/SNX9/JUN/TCF7L2/MAP2K3/TUBB2A/TUBA4A/ROCK2/RAF1/DYNC1LI1/SNX33/RAB9B/CASP3/TUBA1C/S100A10/GSDMD/ARPC5L/AKT2/ARHGEF26/M6PR/DYNC1H1/STX10/MYO6/NFKBIA/IL1B/VPS41/LY96/DCTN1/TRAF6/FYCO1/PIK3C2A/PIK3C3/EXOC5/TCF7L1/VPS39/PIK3CA/TUBB2B/DCTN4/HRAS/GCC2/MAPK14/MAPK9/PTPRC/MAP2K2"
"hsa04141","Protein processing in endoplasmic reticulum",69,0.505552242319429,2.70730670026727,2.72652334984196e-09,1.7286158037998e-07,1.11356953656703e-07,1949,"tags=59%, list=25%, signal=45%","HSP90AA1/CRYAB/HSP90B1/BAG2/HSPA8/HSPA5/PDIA3/SSR4/CAPN2/CALR/UFD1/WFS1/RPN2/PDIA6/P4HB/PPP1R15A/MAN1A1/HSPH1/DNAJC3/HSPA1A/SEL1L/ATXN3/SYVN1/HERPUD1/CAPN1/DNAJB1/DNAJC10/CKAP4/HSPA4L/DNAJB11/DNAJA2/UBE2G1/ATF6/NGLY1/UGGT2/LMAN1/RRBP1/SEC24C/MAGT1/SELENOS/PDIA4"
"hsa04518","Integrin signaling",106,0.43033932682887,2.53263989016173,5.07058319981545e-09,2.6789581239025e-07,1.72577743993719e-07,1360,"tags=45%, list=17%, signal=38%","ACTB/ITGB1/FLNA/ACTN1/COL6A2/TLN1/ITGA8/VCL/ITGA5/COL6A1/FN1/LIMS1/COL4A2/PDGFRB/PDGFRA/CTNNB1/COL4A4/PTK2/ITGA1/LIMS2/ITGA7/COL4A1/RAC2/PDGFD/ITGA10/CCND2/ITGAV/NCK2/PIK3R1/ITGB2/NPNT/LAMB1/ITGB8/FLNB/PDGFA/COL9A3/ITGB4/LAMB2/CCND1/COL1A2/LAMA5/TLN2/ERBB2/ITGA3/IGF1R/THBS2/AKT2/ITGB5"
"hsa05205","Proteoglycans in cancer",112,0.394987799227845,2.34061313637494,7.23434803119693e-08,3.27612617984204e-06,2.1104714557176e-06,1364,"tags=41%, list=17%, signal=34%","ACTB/ITGB1/FLNA/PPP1R12B/CAV1/PPP1CB/GPC3/ROCK1/MSN/SDC2/ITGA5/RRAS/IQGAP1/FN1/CTNNB1/PTK2/EIF4B/CDKN1A/CTTN/FZD3/GRB2/ITGAV/HIF1A/RDX/PTPN11/PIK3R1/ROCK2/NUDT16L1/ANK3/STAT3/RAF1/TIMP3/CCND1/RPS6KB2/ITPR1/RRAS2/COL1A2/SDC4/ERBB2/CASP3/TGFB2/IGF1R/AKT2/ITGB5/SOS1/MRAS"
"hsa05165","Human papillomavirus infection",174,0.338431376777562,2.19046310097554,1.11215245987888e-07,4.40690412227006e-06,2.83891548969083e-06,2830,"tags=57%, list=36%, signal=37%","ITGB1/COL6A2/ITGA8/ATP6V0C/HES4/PKM/HLA-A/ITGA5/CREB5/COL6A1/FN1/COL4A2/PDGFRB/HLA-C/CTNNB1/COL4A4/PTK2/ITGA1/ITGA7/CDKN1A/COL4A1/TNFRSF1A/JAG1/ITGA10/FZD3/HEY2/NOTCH3/GRB2/CCND2/ITGAV/MAML2/TCF7L2/PIK3R1/CREB3L2/LAMB1/ITGB8/COL9A3/ITGB4/RAF1/CDKN1B/PRKCI/LAMB2/CCND1/RPS6KB2/CHD4/HEYL/COL1A2/LAMA5/ITGA3/CASP3/RBL2/THBS2/AKT2/ITGB5/SOS1/IRF3/ATP6V0A1/HLA-B/CCND3/FAS/DVL3/TUBG1/UBR4/SPP1/ATP6V1B2/HLA-E/PPP2R3A/ISG15/TBPL1/MAGI1/EIF2AK2/COL4A5/HES1/DLG3/LAMC3/PTEN/TCF7L1/COL1A1/RB1/PIK3CA/PRKACB/TNC/HRAS/MAP2K2/COL9A2/MAML1/PIK3R3/PPP2R2D/STAT1/NOTCH1/PPP2R2B/BAK1/IFNAR2/LAMA4/CDK2/FZD1/NOTCH4/IRF1/APC"
"hsa04080","Neuroactive ligand-receptor interaction",112,-0.40645559169783,-2.32642515288068,1.30745317944285e-07,4.60514064314871e-06,2.96661891008085e-06,1297,"tags=55%, list=16%, signal=47%","TMEM97/NTS/AGTR1/ADORA2B/P2RY10/POMC/CYSLTR2/LPAR2/ADORA3/HTR2A/CTSG/TAC1/LPAR1/PTGDR/ADRB1/APLN/CHRNA5/CALCA/GRIK1/PTAFR/MC1R/GRIA3/GAL/GABRA4/RLN1/DRD1/GNRH1/OXTR/P2RX5/RXFP2/VIP/UCN/OPRL1/GABRA2/GNRH2/SCTR/LPAR3/SPX/P2RY8/GABRD/SCT/HTR1F/HTR2B/MAS1/NPY5R/BDKRB1/CHRM2/P2RX2/AVPR2/GRID1/PENK/GRIN2B/NMUR1/TACR1/GABRB3/ADM2/PRLR/OXT/CHRNE/F2RL2/SSTR1/PNOC"
"hsa05012","Parkinson disease",69,0.458143295253213,2.45342480775282,2.50431112341432e-07,7.93866626122339e-06,5.11406692570924e-06,2705,"tags=72%, list=34%, signal=48%","DUSP1/TUBA1B/TUBA1A/TUBB/ATP5F1E/TUBB6/ATP5PF/TUBB4B/HSPA5/CYCS/ATP5F1B/ATP5PO/ATP5MC3/SEM1/ATP5MC2/ATP5F1D/PSMC4/TUBB2A/TUBA4A/ATP5F1A/PSMD12/ITPR1/ATP5PB/MAOB/PSMA5/MAOA/ATP5PD/ATP5MC1/CASP3/UBE2G1/TUBA1C/SLC39A13/SLC25A5/TRAP1/ATF6/BCL2L1/NDUFA4L2/MFN1/PRKACB/TUBB2B/MAPK9/ATP5F1C/DAXX/GNAL/ITPR2/SLC39A9/COX4I2/UCHL1/SLC39A7/MAP3K5"
"hsa05131","Shigellosis",92,0.400439081232873,2.28690985824228,9.80588782745578e-07,2.82587858300316e-05,1.82042319476212e-05,1638,"tags=41%, list=21%, signal=33%","ACTB/MYL9/ITGB1/ACTN1/MYL12A/TLN1/VCL/ROCK1/ITGA5/CYCS/PTK2/CAPN2/TNFRSF1A/PRKCE/BCAR1/CTTN/JUN/PIK3R1/ROCK2/WIPI1/DOCK1/HK1/CALCOCO2/RPS6KB2/ITPR1/CAPN1/FOXO3/TLN2/U2AF1/ARHGEF2/ARPC5L/PLCB1/AKT2/PLCD1/IRF3/ATG14/NFKBIA/IL1B"
"hsa05010","Alzheimer disease",131,0.348481654510265,2.10918644558734,1.17240268879669e-06,3.0970971029046e-05,1.99514141777683e-05,3067,"tags=61%, list=39%, signal=38%","GAPDH/TUBA1B/TUBA1A/TUBB/ATP5F1E/TUBB6/ATP5PF/TUBB4B/CYCS/CTNNB1/ATP5F1B/ATP5PO/CAPN2/BACE2/ATP5MC3/SEM1/TNFRSF1A/INSR/ATP5MC2/ATP5F1D/FZD3/ATP2A2/PSMC4/TUBB2A/PIK3R1/TUBA4A/PSENEN/WIPI1/RAF1/ATP5F1A/PSMD12/ITPR1/CAPN1/ATP5PB/PSMA5/ATP5PD/ATP5MC1/RB1CC1/CASP3/IRS2/TUBA1C/PLCB1/SLC39A13/AKT2/SLC25A5/CSNK2A1/FAS/ATG14/DVL3/ATF6/IL1B/NDUFA4L2/EIF2AK2/LRP1/PIK3C3/PIK3CA/TUBB2B/HRAS/MAPK9/ATP5F1C/MAP2K2/ITPR2/PPP3CA/SLC39A9/APH1A/PIK3R3/COX4I2/SLC39A7/MAP3K5/FZD1/APC/ATG2A/SLC39A11/CASP7/FADD/PLCB3/IL6/IRS1/SNCA/CSNK2A2"
"hsa05410","Hypertrophic cardiomyopathy",52,0.480603247443844,2.38387997838716,1.37946480504681e-06,3.363771870768e-05,2.16693256825167e-05,1360,"tags=50%, list=17%, signal=42%","ACTB/TPM2/TPM1/ITGB1/TPM4/ITGA8/SGCA/ITGA5/ITGA1/ITGA7/ITGA10/SGCD/ITGAV/DMD/DES/ATP2A2/AGT/ITGB8/TGFB3/ITGB4/PRKAG2/ACTC1/PRKAG1/ITGA3/TGFB2/ITGB5"
"hsa05016","Huntington disease",91,0.385252697272139,2.20218018658529,2.46033271530219e-06,5.57089621964852e-05,3.58875599074154e-05,1487,"tags=45%, list=19%, signal=37%","TGM2/TUBA1B/TUBA1A/TUBB/ATP5F1E/TUBB6/ATP5PF/CREB5/TUBB4B/CYCS/ATP5F1B/ATP5PO/ATP5MC3/SEM1/ATP5MC2/ATP5F1D/GPX3/PSMC4/TUBB2A/POLR2J2/CLTC/TUBA4A/CREB3L2/SP1/WIPI1/ATP5F1A/PSMD12/ITPR1/ATP5PB/PSMA5/REST/ATP5PD/ATP5MC1/RB1CC1/CASP3/TUBA1C/PLCB1/SLC25A5/SIN3A/HIP1/ATG14"
"hsa00190","Oxidative phosphorylation",24,0.619990291566966,2.46311683269406,5.10184703125592e-06,0.000107819033927208,6.94567244956946e-05,1861,"tags=79%, list=24%, signal=61%","ATP6V0C/ATP5F1E/ATP5PF/ATP5ME/ATP5MF/ATP5MG/CYCS/ATP5F1B/ATP5PO/ATP5MC3/ATP5MC2/ATP5F1D/ATP5F1A/ATP5PB/ATP5PD/ATP5MC1/ATP6V0A1/ATP6V1B2/NDUFA4L2"
"hsa05210","Colorectal cancer",52,0.463170208014474,2.29740891544878,5.78544827705876e-06,0.000112943458537587,7.27578647062655e-05,2830,"tags=67%, list=36%, signal=43%","GADD45B/CYCS/CTNNB1/GADD45A/CDKN1A/RAC2/FOS/GRB2/JUN/TCF7L2/PIK3R1/TGFB3/RAF1/CCND1/RPS6KB2/TGFBR1/CASP3/POLK/TGFB2/APPL1/AKT2/SOS1/TCF7L1/MSH6/PIK3CA/HRAS/MAPK9/MAP2K2/MYC/PIK3R3/TGFBR2/BAK1/GADD45G/LEF1/APC"
"hsa05414","Dilated cardiomyopathy",53,0.458430219291605,2.27757808510539,6.05690471652674e-06,0.000112943458537587,7.27578647062655e-05,1360,"tags=47%, list=17%, signal=39%","ACTB/TPM2/TPM1/PLN/ITGB1/TPM4/ITGA8/SGCA/ITGA5/ITGA1/ITGA7/ITGA10/SGCD/ITGAV/DMD/DES/ATP2A2/AGT/ITGB8/TGFB3/ITGB4/ACTC1/ITGA3/TGFB2/ITGB5"
"hsa05020","Prion disease",89,0.379292555642237,2.14973519875578,7.8976118065249e-06,0.000139085719037133,8.95986368693469e-05,1489,"tags=43%, list=19%, signal=35%","CAV1/TUBA1B/TUBA1A/TUBB/ATP5F1E/TUBB6/ATP5PF/HSPA8/CREB5/TUBB4B/HSPA5/CYCS/ATP5F1B/ATP5PO/ATP5MC3/SEM1/ATP5MC2/RAC2/ATP5F1D/HSPA1A/PSMC4/TUBB2A/PIK3R1/TUBA4A/CREB3L2/ATP5F1A/PSMD12/ITPR1/ATP5PB/PSMA5/ATP5PD/ATP5MC1/CASP3/TUBA1C/C1QB/SLC25A5/CSNK2A1/EGR1"
"hsa04530","Tight junction",79,0.389184640255219,2.13771551257997,9.76457724516651e-06,0.000162914262458831,0.000104948918867718,1292,"tags=37%, list=16%, signal=31%","ACTB/MYL9/MYH11/ITGB1/ACTN1/MYH10/MYL12A/ROCK1/TUBA1B/TUBA1A/MSN/MYH9/PRKCE/CTTN/JUN/RAB13/HSPA4/RDX/TUBA4A/ROCK2/JAM3/PRKCI/PRKAG2/CCND1/PRKAG1/ERBB2/ARHGEF2/TUBA1C/ARPC5L"
"hsa05415","Diabetic cardiomyopathy",76,0.404331477731523,2.21932313783448,1.3233270427233e-05,0.000199759367877755,0.000128684434229734,3047,"tags=67%, list=39%, signal=42%","PLN/GAPDH/PPP1CB/ATP5F1E/PDK4/ATP5PF/ATP5F1B/ATP5PO/ATP5MC3/INSR/ATP5MC2/RAC2/ATP5F1D/ATP2A2/AGT/PIK3R1/SP1/TGFB3/ATP5F1A/ATP5PB/PDK3/COL1A2/PARP1/TGFBR1/ATP5PD/ATP5MC1/TGFB2/PLCB1/AKT2/SLC25A5/GFPT1/MMP2/RYR2/NDUFA4L2/G6PD/PTEN/COL1A1/PIK3CA/MAPK14/MAPK9/ATP5F1C/PIK3R3/COX4I2/TGFBR2/CD36/COL3A1/PRKCB/PLCB3/GFPT2/PPARA/IRS1"
"hsa04210","Apoptosis",77,0.388581964930165,2.13274759057769,1.27783666544486e-05,0.000199759367877755,0.000128684434229734,3138,"tags=62%, list=40%, signal=38%","ACTB/TUBA1B/TUBA1A/GADD45B/CYCS/CAPN2/GADD45A/TNFRSF1A/FOS/JUN/MCL1/PIK3R1/TUBA4A/RAF1/CTSF/ITPR1/CAPN1/PARP1/NOL3/CASP3/TUBA1C/CTSZ/AKT2/FAS/CFLAR/NFKBIA/BCL2L1/PIK3CA/HRAS/MAPK9/MAP2K2/DAXX/ITPR2/NGF/BIRC3/PIK3R3/BAK1/GADD45G/CASP6/MAP3K5/GZMB/CASP7/FADD/PTPN13/ATM/PARP2/BCL2A1/BCL2"
"hsa04714","Thermogenesis",77,0.38738073999727,2.12615461969229,1.41234432786446e-05,0.000203505978151378,0.000131097990241964,2396,"tags=52%, list=30%, signal=37%","ACTB/ATP5F1E/ATP5PF/ATP5ME/ATP5MF/ATP5MG/CREB5/ATP5F1B/ATP5PO/ATP5MC3/ATP5MC2/NPR1/PRKG1/ATP5F1D/GRB2/MGLL/MAP2K3/CREB3L2/PRKAG2/ATP5F1A/RPS6KB2/ATP5PB/PRKAG1/ATP5PD/SMARCC1/ATP5MC1/PRDM16/SMARCA2/SOS1/NDUFAF4/COA1/ACSL4/NDUFA4L2/PRKAA1/CNR1/RPS6KA6/PRKACB/HRAS/MAPK14/ATP5F1C"
"hsa04068","FoxO signaling pathway",69,0.407313677341537,2.18122471916661,1.53396689590166e-05,0.000211420654782968,0.000136196603114381,3368,"tags=74%, list=43%, signal=43%","GADD45B/GADD45A/CDKN1A/FBXO32/INSR/GRB2/CCND2/DEPP1/PIK3R1/KLF2/STAT3/TGFB3/RAF1/CDKN1B/PRKAG2/CCND1/TGFBR1/PRKAG1/FOXO3/IRS2/RBL2/TGFB2/IGF1R/AKT2/SOS1/CDKN2D/PRKAA1/STK4/SGK1/USP7/PTEN/S1PR1/PIK3CA/PLK2/HRAS/MAPK14/MAPK9/MAP2K2/BCL6/PIK3R3/TGFBR2/GADD45G/CDK2/PRKAB2/IL6/IRS1/ATM/SOS2/SLC2A4/PIK3CB/GABARAP"
"hsa04022","cGMP-PKG signaling pathway",75,0.383503730307408,2.09476640001422,3.38192235709318e-05,0.000446695577999391,0.000287760060208806,1943,"tags=49%, list=25%, signal=38%","MYL9/PLN/MYLK/KCNMB1/PPP1CB/ROCK1/CREB5/MEF2C/GUCY1A1/PDE5A/INSR/PRKCE/NPR1/PRKG1/TRPC6/KCNMA1/RGS2/ATP2A2/PDE3A/ROCK2/CREB3L2/ATP1A1/EDNRB/ATP2B4/RAF1/ITPR1/IRS2/PLCB1/AKT2/SLC25A5/ATP1A2/NFATC1/EDNRA/ATP1B1/ADRA2B/GNA13/ADRA2C"
"hsa05130","Pathogenic Escherichia coli infection",91,0.350908499567264,2.00586199791231,3.89412125356459e-05,0.000493774574951991,0.000318088220291171,2002,"tags=42%, list=25%, signal=32%","ACTB/MYH11/ITGB1/GAPDH/MYH10/ROCK1/TUBA1B/TUBA1A/TUBB/TUBB6/MYH9/TUBB4B/CYFIP2/CYCS/TNFRSF1A/NCL/CTTN/FOS/JUN/NCK2/TUBB2A/PTPN11/TUBA4A/ROCK2/ARHGEF2/CASP3/TUBA1C/ARPC5L/FAS/MYO6/EZR/NFKBIA/IL1B/FCGR2A/SEC24C/TRAF6/GNA13/MYO1E"
"hsa05163","Human cytomegalovirus infection",123,0.311905207359115,1.87295669254455,5.7686070592147e-05,0.000703326322219639,0.000453080878335082,2637,"tags=52%, list=33%, signal=35%","ROCK1/B2M/HLA-A/CREB5/MAP2K6/HLA-C/CYCS/PDIA3/PDGFRA/CTNNB1/PTK2/CDKN1A/CALR/TNFRSF1A/RAC2/BCAR1/CCL3/GRB2/ITGAV/GNG2/PIK3R1/GNB1/ROCK2/CREB3L2/SP1/AKAP13/STAT3/CCL4/RAF1/CXCL12/CCND1/RPS6KB2/ITPR1/CASP3/GNG11/PLCB1/AKT2/SOS1/IRF3/HLA-B/FAS/NFATC1/CCL4L2/NFKBIA/IL1B/HLA-E/ELK1/GNA13/CX3CL1/RB1/PIK3CA/PRKACB/HRAS/MAPK14/MAP2K2/NFATC3/NFATC4/ITPR2/PPP3CA/MYC/PIK3R3/TAP1/BAK1/TAPBP"
"hsa03040","Spliceosome",33,0.50194588190013,2.19536724097229,8.18132813971839e-05,0.000864493673430243,0.000556904441791357,3233,"tags=82%, list=41%, signal=48%","HSPA8/DHX38/DHX16/CDC5L/CWC25/HSPA1A/DDX46/PRPF38B/CASC3/RP9/U2AF1/SNRPA1/SMNDC1/AQR/SNRNP200/DDX42/PRPF18/U2AF1L4/DHX8/ACIN1/CRNKL1/SNRNP40/DDX23/EFTUD2/HSPA1B/CDC40/ISY1"
"hsa04120","Ubiquitin mediated proteolysis",48,0.442256646669943,2.16910774297161,7.8882210903389e-05,0.000864493673430243,0.000556904441791357,2356,"tags=58%, list=30%, signal=41%","ELOB/ANAPC15/PIAS1/ELOC/SYVN1/UBE2Q2/TRIM37/FBXO4/UBE2G1/FBXW7/CDC27/CDC16/UBR5/TRIP12/PIAS3/ANAPC2/UBE4A/UBA6/ITCH/ANAPC10/HUWE1/TRAF6/RHOBTB1/SOCS3/CBL/KLHL9/UBE2M/CUL3"
"hsa04270","Vascular smooth muscle contraction",69,0.385232463517141,2.06297656767478,7.61294748546522e-05,0.000864493673430243,0.000556904441791357,996,"tags=36%, list=13%, signal=32%","ACTA2/MYL9/PPP1R14A/CALD1/MYH11/RAMP1/PPP1R12B/MYLK/MYH10/ACTG2/KCNMB1/PPP1CB/ROCK1/MYH9/GUCY1A1/PLA2G5/PRKCE/NPR1/PRKG1/KCNMA1/AGT/ROCK2/RAF1/ITPR1/PTGIR"
"hsa05222","Small cell lung cancer",63,0.391577178186679,2.04884005228966,8.00101480645127e-05,0.000864493673430243,0.000556904441791357,2731,"tags=60%, list=35%, signal=40%","ITGB1/GADD45B/FN1/COL4A2/CYCS/COL4A4/PTK2/GADD45A/CDKN1A/COL4A1/ITGAV/PIK3R1/LAMB1/CDKN1B/LAMB2/CCND1/LAMA5/ITGA3/MAX/CASP3/POLK/AKT2/NFKBIA/BCL2L1/RARB/TRAF6/COL4A5/LAMC3/PTEN/RB1/PIK3CA/MYC/BIRC3/PIK3R3/BAK1/GADD45G/LAMA4/CDK2"
"hsa04145","Phagocytosis",111,0.320980913840883,1.90306981535006,0.000100145365428195,0.000992883924291449,0.000639613087539569,2275,"tags=44%, list=29%, signal=32%","ACTB/ITGB1/ATP6V0C/TUBA1B/TUBA1A/TUBB/TUBB6/HLA-A/ITGA5/TUBB4B/HLA-C/CALR/DYNC1LI2/RAC2/ITGAV/TUBB2A/PIK3R1/TUBA4A/HLA-DRB1/OSBPL1A/ITGB2/PLA2R1/EEA1/DYNC1LI1/UVRAG/TUBA1C/ATG3/GAPVD1/CCZ1/THBS2/ITGB5/M6PR/ATP6V0A1/HLA-B/DYNC1H1/HLA-DRA/VPS41/ATP6V1B2/HLA-E/FCGR2A/SFTPA2/DCTN1/OSBPL2/PIK3C3/HLA-DMA/VPS39/PIK3CA/TUBB2B/DCTN4"
"hsa04151","PI3K-Akt signaling pathway",191,0.262642082126441,1.70942504435483,0.000100228030212386,0.000992883924291449,0.000639613087539569,1361,"tags=30%, list=17%, signal=26%","ITGB1/COL6A2/YWHAH/HSP90AA1/ITGA8/HSP90B1/NR4A1/ITGA5/CREB5/COL6A1/FN1/COL4A2/PDGFRB/PDGFRA/COL4A4/PTK2/ITGA1/ITGA7/EIF4B/CDKN1A/COL4A1/INSR/PDGFD/ITGA10/GRB2/CCND2/ITGAV/GNG2/MCL1/PIK3R1/GNB1/CREB3L2/FGF1/LAMB1/ITGB8/PDGFA/COL9A3/ITGB4/RAF1/CDKN1B/LAMB2/CCND1/RPS6KB2/COL1A2/LAMA5/FOXO3/ERBB2/ITGA3/JAK2/RBL2/NTRK2/GNG11/IGF1R/THBS2/FGF7/AKT2/ITGB5/SOS1"
"hsa04512","ECM-receptor interaction",58,0.399938896021409,2.06431194042082,0.000115903998469762,0.00111338083378529,0.000717236864533776,1360,"tags=43%, list=17%, signal=36%","ITGB1/COL6A2/ITGA8/ITGA5/COL6A1/FN1/COL4A2/COL4A4/ITGA1/ITGA7/COL4A1/ITGA10/ITGAV/NPNT/LAMB1/ITGB8/COL9A3/ITGB4/LAMB2/COL1A2/SDC4/LAMA5/ITGA3/THBS2/ITGB5"
"hsa04140","Autophagy - animal",62,0.396069660359946,2.06926204625183,0.000125858895010213,0.00113876855125563,0.00073359156215704,3368,"tags=74%, list=43%, signal=43%","EIF2AK4/RRAS/HIF1A/PIK3R1/WIPI1/RAF1/CALCOCO2/RPS6KB2/ITPR1/RRAS2/UVRAG/RB1CC1/IRS2/ATG3/IGF1R/AKT2/MRAS/VMP1/CFLAR/ATG14/DDIT4/SNAP29/VPS41/BCL2L1/PRKAA1/TRAF6/PIK3C3/PTEN/VPS39/PIK3CA/PRKACB/HRAS/MAPK9/MAP2K2/ATG16L2/PIK3R3/RAB33B/ATG2A/IRS1/ATG10/BCL2/RAB8A/WDR41/PLEKHM1/PIK3CB/GABARAP"
"hsa04066","HIF-1 signaling pathway",62,0.395451961505995,2.0660348846628,0.000132916203143402,0.00113876855125563,0.00073359156215704,1351,"tags=39%, list=17%, signal=32%","GAPDH/ENO1/EPAS1/ELOB/LDHA/CDKN1A/INSR/PGK1/EGLN2/HIF1A/TIMP1/ELOC/PIK3R1/SERPINE1/PFKP/STAT3/HK1/CDKN1B/RPS6KB2/PFKM/ERBB2/IFNGR1/IGF1R/AKT2"
"hsa04218","Cellular senescence",95,0.333326817899773,1.92323121940266,0.000126147362307292,0.00113876855125563,0.00073359156215704,2731,"tags=58%, list=35%, signal=38%","PPP1CB/HLA-A/GADD45B/ZFP36L1/RRAS/MAP2K6/HLA-C/CAPN2/GADD45A/CDKN1A/HIPK2/CCND2/TRPM7/MAP2K3/PIK3R1/SERPINE1/TGFB3/RAF1/CCND1/IGFBP3/ITPR1/RRAS2/CAPN1/TGFBR1/FOXO3/RBL2/TGFB2/AKT2/SLC25A5/MRAS/HLA-B/CCND3/NFATC1/ZFP36L2/E2F4/HLA-E/MRE11/PTEN/RB1/PIK3CA/HRAS/MAPK14/NBN/MAP2K2/NFATC3/NFATC4/ITPR2/PPP3CA/MAPKAPK2/MYC/LIN52/PIK3R3/TGFBR2/GADD45G/CDK2"
"hsa05206","MicroRNAs in cancer",107,0.318865683635771,1.87373016694595,0.000131868331119414,0.00113876855125563,0.00073359156215704,3288,"tags=65%, list=42%, signal=39%","VIM/TPM1/ROCK1/ITGA5/PDGFRB/PDGFRA/ZEB1/CDKN1A/PRKCE/FZD3/NOTCH3/GRB2/CCND2/MCL1/CYP1B1/GLS/RDX/PIK3R1/STAT3/PDGFA/RAF1/CDKN1B/STMN1/ZEB2/TIMP3/CCND1/ERBB2/CASP3/IRS2/TGFB2/SLC7A1/PIM1/CCNG1/SOS1/DDIT4/ZFPM2/EZR/DICER1/BMPR2/PTEN/CD44/SHC4/PIK3CA/TNC/ABL1/HRAS/MAP2K2/SOX4/EFNA1/MYC/PIK3R3/NOTCH1/BAK1/NOTCH4/APC/PRKCB/DNMT3A/MARCKS/IRS1/BMI1/ATM/SOS2/BCL2/BCL2L2/SHC1/PRKCA/THBS1/RECK/SPRY2/CDK6"
"hsa04060","Cytokine-cytokine receptor interaction",144,-0.302707257115462,-1.81238406739827,0.000183616153005792,0.00153174527639042,0.000986746085405085,2070,"tags=40%, list=26%, signal=30%","IL18RAP/TNFSF8/CCL8/GDF6/IL1R2/IL18/TNFRSF19/CCL7/CCL14/CCL3L1/CCL11/LIF/CXCL6/BMP3/TNF/IL1RN/RELL1/IL27RA/EBI3/TNFSF4/CX3CR1/CCR4/TNFSF14/IL18R1/IL20/CXCL9/CXCR2/TNFRSF11A/PF4/TNFRSF13C/CCL19/XCL1/CXCL11/TNFSF9/CCR5/MSTN/THPO/IL24/CXCR5/TNFSF13/CCR1/BMP8B/IL12RB1/CXCR6/GDF3/BMP7/CCL27/IL1A/CCL22/IL2RB/IL5RA/GDF5/TNFRSF10A/PRLR/CD27/CXCR3/CD70/CCR6"
"hsa04670","Leukocyte transendothelial migration",58,0.383902186729901,1.98153736959302,0.000274467766115222,0.00223093030406475,0.00143715915320791,927,"tags=33%, list=12%, signal=29%","ACTB/MYL9/ITGB1/ACTN1/MYL12A/VCL/ROCK1/MSN/CTNNB1/PTK2/RAC2/BCAR1/ARHGAP5/PTPN11/PIK3R1/ROCK2/ITGB2/JAM3/CXCL12"
"hsa03010","Ribosome",21,0.577683837862932,2.21727685609621,0.000303061499586908,0.00240176238422625,0.00154720870841737,2728,"tags=81%, list=35%, signal=53%","RPL41/MRPS6/RPS21/RACK1/MRPS31/RPL26L1/RPL39L/MRPL19/MRPS16/MRPS22/MRPS5/MRPS30/MRPS28/MRPS27/MRPL35/MRPL15/MRPL30"
"hsa04520","Adherens junction",43,0.431839176255081,2.05234844757465,0.000359418682649156,0.00271275529523291,0.00174754948455981,1695,"tags=51%, list=22%, signal=40%","ACTB/MYL9/ACTN1/MYL12A/SORBS1/VCL/ROCK1/IQGAP1/CTNNB1/INSR/RAC2/TCF7L2/ROCK2/ARHGAP29/TGFBR1/ERBB2/IGF1R/RAP1B/CSNK2A1/LMO7/SNAI2/PTPN1"
"hsa04082","Neuroactive ligand signaling",58,-0.389978289662292,-1.92466335328983,0.000353780742529169,0.00271275529523291,0.00174754948455981,2094,"tags=48%, list=27%, signal=36%","SLC1A7/ADORA3/HTR2A/TAC1/ADRB1/GRIK1/HTR3C/GRIA3/GABRA4/DRD1/P2RX5/SLC6A1/OPRL1/GABRA2/SLC17A7/SLC18A2/GABRD/HTR1F/HTR2B/CHRM2/ADCY1/P2RX2/PENK/GRIN2B/TACR1/GABRB3/GNGT2/PNOC"
"hsa04910","Insulin signaling pathway",68,0.362816627944837,1.9393156523354,0.000373557305776141,0.00275389920769853,0.00177405427957335,3351,"tags=65%, list=43%, signal=38%","SORBS1/PPP1CB/INSR/GRB2/PPP1R3C/PIK3R1/HK1/RAF1/PRKCI/PRKAG2/RPS6KB2/PRKAG1/SOCS4/IRS2/PHKG1/AKT2/SOS1/PPP1R3B/TRIP10/PRKAR2A/PTPN1/ELK1/PRKAA1/SOCS3/CBL/SHC4/PIK3CA/PRKACB/SOCS2/HRAS/MAPK9/MKNK1/INPP5A/MAP2K2/PIK3R3/RAPGEF1/PRKAB2/IRS1/SOS2/PTPRF/SHC1/SLC2A4/PIK3CB/MKNK2"
"hsa04540","Gap junction",42,0.419963970052528,1.99374120120803,0.000394604625991021,0.00284294696452622,0.00183141859909708,1361,"tags=48%, list=17%, signal=40%","TUBA1B/TUBA1A/TUBB/TUBB6/TUBB4B/GUCY1A1/GJA1/PDGFRB/PDGFRA/PRKG1/PDGFD/GRB2/TUBB2A/TUBA4A/PDGFA/RAF1/ITPR1/TUBA1C/PLCB1/SOS1"
"hsa05412","Arrhythmogenic right ventricular cardiomyopathy",47,0.407002375193938,1.99114692849073,0.000441796175749598,0.00311220861583606,0.00200487621275841,880,"tags=40%, list=11%, signal=36%","ACTB/ITGB1/ITGA8/SGCA/ITGA5/GJA1/CTNNB1/ITGA1/ITGA7/ITGA10/SGCD/ACTN2/ITGAV/DMD/DES/TCF7L2/ATP2A2/ITGB8/ITGB4"
"hsa05213","Endometrial cancer",32,0.47173183836317,2.05143940743942,0.000547197493442003,0.00375934159755022,0.00242175749601442,2830,"tags=81%, list=36%, signal=52%","GADD45B/CTNNB1/GADD45A/CDKN1A/GRB2/TCF7L2/PIK3R1/RAF1/CCND1/FOXO3/ERBB2/POLK/AKT2/SOS1/ELK1/PTEN/TCF7L1/PIK3CA/HRAS/MAP2K2/MYC/PIK3R3/BAK1/GADD45G/LEF1/APC"
"hsa05200","Pathways in cancer",276,0.228055092418064,1.58135251137488,0.000557378722665174,0.00375934159755022,0.00242175749601442,1555,"tags=30%, list=20%, signal=25%","ITGB1/HSP90AA1/ROCK1/HSP90B1/GADD45B/EPAS1/FN1/COL4A2/PDGFRB/ZBTB16/CYCS/PDGFRA/ELOB/CTNNB1/COL4A4/PTK2/GADD45A/CDKN1A/COL4A1/RAC2/RASGRP2/JAG1/FOS/FZD3/HEY2/NOTCH3/GRB2/CCND2/ITGAV/JUN/GNG2/EGLN2/HIF1A/TCF7L2/ELOC/AGT/PIK3R1/GNB1/ROCK2/SP1/FGF1/EDNRB/LAMB1/STAT3/TGFB3/PDGFA/RAF1/CDKN1B/LAMB2/IL15/CXCL12/CCND1/RPS6KB2/HEYL/MITF/GSTA4/TGFBR1/LAMA5/ERBB2/IL6ST/ITGA3/MAX/JAK2/CASP3/POLK/TGFB2/IFNGR1/PIM1/GNG11/APPL1/IGF1R/PLCB1/TXNRD1/FGF7/AKT2/SOS1/CCND3/FAS/NCOA3/AR/MECOM/DVL3"
"hsa05033","Nicotine addiction",10,-0.730883068282061,-2.1730635472675,0.000584685089301797,0.00386135777726395,0.00248747603781905,1643,"tags=80%, list=21%, signal=63%","CACNA1A/GRIA3/GABRA4/GABRA2/SLC17A7/GABRD/GRIN2B/GABRB3"
"hsa05220","Chronic myeloid leukemia",46,0.425651273566665,2.0700838851216,0.000606679655816048,0.00392484593660586,0.00252837493508729,2674,"tags=67%, list=34%, signal=45%","GADD45B/GADD45A/CDKN1A/GRB2/PTPN11/PIK3R1/TGFB3/RAF1/CDKN1B/CCND1/TGFBR1/POLK/TGFB2/AKT2/SOS1/MECOM/NFKBIA/BCL2L1/CBL/SHC4/RB1/PIK3CA/ABL1/HRAS/MAP2K2/BCR/MYC/PIK3R3/TGFBR2/BAK1/GADD45G"
"hsa04919","Thyroid hormone signaling pathway",57,0.382628832071285,1.97042204306175,0.00067731265272986,0.00429416221830731,0.00276628746588617,2586,"tags=58%, list=33%, signal=39%","ACTB/PLN/CTNNB1/NOTCH3/ITGAV/HIF1A/KAT2A/ATP2A2/PIK3R1/ATP1A1/PFKP/RAF1/CCND1/PFKM/RCAN1/PLCB1/AKT2/PLCD1/SIN3A/ATP1A2/MED13/NCOA3/ATP1B1/MED1/PIK3CA/PRKACB/HRAS/MAP2K2/PLCE1/MYC/PIK3R3/STAT1/NOTCH1"
"hsa04933","AGE-RAGE signaling pathway in diabetic complications",73,0.345681935284108,1.87093524793395,0.000695409209034485,0.00432244547576337,0.00278450746238782,3186,"tags=63%, list=40%, signal=38%","FN1/COL4A2/COL4A4/COL4A1/PRKCE/JUN/AGT/PIK3R1/SERPINE1/STAT3/TGFB3/CDKN1B/CCND1/COL1A2/TGFBR1/JAK2/CASP3/TGFB2/PIM1/PLCB1/AKT2/PLCD1/EGR1/NFATC1/IL1B/MMP2/COL4A5/THBD/COL1A1/PIK3CA/VEGFD/HRAS/F3/MAPK14/MAPK9/PLCE1/PIK3R3/STAT1/TGFBR2/CCL2/COL3A1/PRKCB/PLCB3/IL6/BCL2/PRKCA"
"hsa04517","IgSF CAM signaling",154,0.258853112607686,1.63799274438112,0.000827941363301337,0.00504725792627931,0.00325142964535343,977,"tags=25%, list=12%, signal=23%","ACTB/MYL9/MYH11/ITGB1/ACTN1/MYLK/MYH10/MYL12A/SORBS1/VCL/TUBA1B/TUBA1A/TUBB/TUBB6/MSN/MYH9/ITGA5/MBP/IQGAP1/TUBB4B/NTRK3/CTNNB1/PTK2/BCAR1/GRB2/TRPC6/NCK2/RDX/TUBB2A/PTPN11/PIK3R1/TUBA4A/ITGB2/CADM1/ANK3/JAM3/PRKCI/PLXNA3/CADM2"
"hsa05203","Viral carcinogenesis",81,0.324687095052813,1.79579677567738,0.000973181889054713,0.00582072941189328,0.00374969784461995,2299,"tags=47%, list=29%, signal=34%","ACTN1/YWHAH/PKM/HLA-A/CREB5/HLA-C/CDKN1A/GSN/GRB2/CCND2/JUN/KAT2A/PIK3R1/CREB3L2/STAT3/SP100/CDKN1B/CCND1/CHD4/IL6ST/CASP3/RBL2/IRF3/HLA-B/CCND3/HDAC8/NFKBIA/UBR4/HLA-E/TBPL1/EIF2AK2/LTBR/GTF2B/USP7/RB1/PIK3CA/PRKACB/HRAS"
"hsa03018","RNA degradation",23,0.504951778919024,1.98336821662803,0.00123521638191117,0.0072377429672775,0.00466253407156512,2564,"tags=65%, list=33%, signal=44%","ENO1/BTG2/BTG1/TOB1/CNOT10/HSPD1/PFKP/PFKM/XRN2/EXOSC6/PABPC4L/DCPS/EXOSC10/PATL1/TENT4B"
"hsa05170","Human immunodeficiency virus 1 infection",105,0.294562652635152,1.73497932028832,0.00125575982082102,0.0072377429672775,0.00466253407156512,2637,"tags=50%, list=33%, signal=33%","CFL2/B2M/HLA-A/WEE1/MAP2K6/HLA-C/CYCS/PDIA3/ELOB/PTK2/CALR/TNFRSF1A/RAC2/FOS/AP1S2/JUN/GNG2/MAP2K3/ELOC/PIK3R1/GNB1/RAF1/RPS6KB2/ITPR1/CASP3/GNG11/AKT2/IRF3/HLA-B/FAS/NFATC1/NFKBIA/HLA-E/BCL2L1/BST2/TRAF6/SAMHD1/AP1M1/PIK3CA/HRAS/MAPK14/MAPK9/MAP2K2/NFATC3/NFATC4/ITPR2/PPP3CA/PIK3R3/TAP1/TNFRSF1B/BAK1/TAPBP"
"hsa04010","MAPK signaling pathway",163,0.254540344514084,1.63199311362986,0.00136789896774014,0.00774328522810044,0.00498820300266141,2575,"tags=45%, list=33%, signal=31%","HSPB1/FLNA/DUSP1/NR4A1/GADD45B/HSPA8/MAP3K20/MEF2C/RRAS/MAP2K6/PDGFRB/PDGFRA/GADD45A/TNFRSF1A/INSR/RAC2/RASGRP2/PDGFD/FOS/GRB2/JUN/HSPA1A/MAP2K3/FGF1/TGFB3/PDGFA/RAF1/STMN1/RRAS2/PPM1A/TGFBR1/PLA2G4C/ERBB2/MAX/CASP3/NTRK2/TGFB2/IGF1R/MAP3K8/FGF7/LAMTOR3/AKT2/SOS1/MRAS/RAP1B/FAS/MECOM/DUSP2/NFATC1/ANGPT1/IL1B/TAOK3/ELK1/TRAF6/STK4/DUSP8/RPS6KA6/PRKACB/MAP4K3/VEGFD/HRAS/MAPK14/MAPK9/MKNK1/MAP2K2/NFATC3/DAXX/EFNA1/PPP3CA/PGF/NGF/MAPKAPK2/MYC"
"hsa05100","Bacterial invasion of epithelial cells",34,0.443144382810413,1.94021941472956,0.00148696332117274,0.00826960303178523,0.00532725548120981,757,"tags=38%, list=10%, signal=35%","ACTB/ITGB1/CAV1/VCL/ITGA5/FN1/CTNNB1/PTK2/BCAR1/CTTN/PIK3R1/CLTC/DOCK1"
"hsa05231","Choline metabolism in cancer",54,0.356676010926283,1.79422977896214,0.00176877740235471,0.00966728338873176,0.00622763731500568,1361,"tags=39%, list=17%, signal=32%","PDGFRB/PDGFRA/PLPP1/RAC2/PDGFD/FOS/GRB2/JUN/HIF1A/PIK3R1/SP1/PDGFA/SLC22A3/RAF1/PLPP3/RPS6KB2/PLA2G4C/DGKD/LYPLA1/AKT2/SOS1"
"hsa05166","Human T-cell leukemia virus 1 infection",129,0.267688159650987,1.61593133814689,0.00183582980119337,0.00986369571149657,0.00635416559199845,2623,"tags=47%, list=33%, signal=32%","TLN1/B2M/HLA-A/CREB5/HLA-C/CDKN1A/CALR/TNFRSF1A/FOS/CCND2/ANAPC15/JUN/KAT2A/FDPS/PIK3R1/HLA-DRB1/CREB3L2/ITGB2/TGFB3/IL15/CCND1/ZFP36/TGFBR1/TLN2/TGFB2/AKT2/SLC25A5/CDC27/HLA-B/CCND3/HLA-DRA/EGR1/CDC16/NFATC1/NFKBIA/ANAPC2/HLA-E/BCL2L1/ELK1/TBPL1/ANAPC10/LTBR/CDKN2C/GPS2/HLA-DMA/PTEN/RB1/PIK3CA/PRKACB/HRAS/MAPK9/MAP2K2/NFATC3/NFATC4/FOSL1/PPP3CA/XPO1/MYC/PIK3R3/TGFBR2"
"hsa04061","Viral protein interaction with cytokine and cytokine receptor",65,-0.353445808237286,-1.80342793065405,0.00192169778038901,0.0101529699397219,0.00654051525255208,2138,"tags=48%, list=27%, signal=35%","IL2RA/IL18RAP/CCL8/IL18/CCL7/CCL14/CCL3L1/CCL11/CXCL6/TNF/CX3CR1/CCR4/TNFSF14/IL18R1/IL20/CXCL9/CXCR2/PF4/CCL19/XCL1/CXCL11/CCR5/IL24/CXCR5/CCR1/CCL27/CCL22/IL2RB/TNFRSF10A/CXCR3/CCR6"
"hsa05167","Kaposi sarcoma-associated herpesvirus infection",101,0.298021276775767,1.74029687702235,0.00200677464948581,0.0104286485883115,0.00671810667817512,2653,"tags=52%, list=34%, signal=35%","HLA-A/MAP2K6/HLA-C/CYCS/CTNNB1/CDKN1A/TNFRSF1A/FOS/JUN/GNG2/HIF1A/TCF7L2/PIK3R1/GNB1/STAT3/RAF1/CCND1/ITPR1/ZFP36/RCAN1/IL6ST/JAK2/CASP3/ATG3/IFNGR1/GNG11/AKT2/IRF3/HLA-B/FAS/ATG14/NFATC1/NFKBIA/HLA-E/EIF2AK2/PIK3C3/TCF7L1/RB1/PIK3CA/HRAS/MAPK14/MAPK9/MAP2K2/NFATC3/NFATC4/ITPR2/PPP3CA/MAPKAPK2/MYC/PIK3R3/STAT1/BAK1/IFNAR2"
"hsa05208","Chemical carcinogenesis - reactive oxygen species",84,0.317311117189106,1.77227356055144,0.00210763563383122,0.0107761370310403,0.00694195777526751,2705,"tags=52%, list=34%, signal=35%","ATP5F1E/ATP5PF/PTK2/ATP5F1B/ATP5PO/ATP5MC3/ATP5MC2/ATP5F1D/FOS/GRB2/JUN/HIF1A/CYP1B1/PTPN11/PIK3R1/RAF1/ATP5F1A/AKR1A1/ATP5PB/GSTA4/ATP5PD/FOXO3/ATP5MC1/PRKD3/AKT2/SLC25A5/SOS1/CBR1/NFKBIA/PTPN1/NDUFA4L2/EPHX1/PTEN/PIK3CA/ABL1/HRAS/MAPK14/MAPK9/ATP5F1C/MAP2K2/PIK3R3/COX4I2/AHR/MAP3K5"
"hsa05211","Renal cell carcinoma",37,0.426440923103989,1.91561107606929,0.00227102389689499,0.0114272154812018,0.00736138071842319,1390,"tags=43%, list=18%, signal=36%","EPAS1/ELOB/CDKN1A/GRB2/JUN/EGLN2/HIF1A/ELOC/PTPN11/PIK3R1/TGFB3/RAF1/TGFB2/AKT2/SOS1/RAP1B"
"hsa00562","Inositol phosphate metabolism",39,0.400599563885807,1.84146325608402,0.00243612799121739,0.0120664464564986,0.00777317155092391,3823,"tags=79%, list=49%, signal=41%","ISYNA1/ALDH6A1/MINPP1/INPP4B/ITPK1/PLCB1/PLCD1/IP6K1/PIK3C2A/PIK3C3/PTEN/IP6K2/PIK3CA/PIP5K1A/INPP5K/INPP5A/PLCE1/PIP5K1B/SYNJ2/SACM1L/FIG4/PLCB3/MTMR2/PIK3CB/INPP5F/SYNJ1/IMPA2/PLCD3/PI4K2A/ITPKB/PIP5KL1"
"hsa05014","Amyotrophic lateral sclerosis",107,0.279894551117537,1.64472657581988,0.00248614146643816,0.0121247206901676,0.00781071165164376,1208,"tags=32%, list=15%, signal=27%","ACTB/TUBA1B/TUBA1A/TUBB/ATP5F1E/TUBB6/ATP5PF/TUBB4B/HSPA5/MAP2K6/CYCS/ATP5F1B/ATP5PO/ATP5MC3/SEM1/TNFRSF1A/ATP5MC2/ATP5F1D/GPX3/CHCHD10/MAP2K3/PSMC4/TUBB2A/TUBA4A/WIPI1/ATP5F1A/PSMD12/ATP5PB/PSMA5/ATP5PD/ATP5MC1/RB1CC1/CASP3/TUBA1C"
"hsa03082","ATP-dependent chromatin remodeling",36,0.404835772593174,1.78977036653545,0.00275449545666804,0.0130324635785637,0.00839547711851689,2589,"tags=64%, list=33%, signal=43%","ACTB/ACTR8/BCL7C/SMARCA1/CHD4/EPC2/SMARCC1/BAZ1B/SMARCA2/ACTR6/BAZ2B/INO80/BRD9/BRD7/BPTF/PHF10/UCHL5/ARID2/VPS72/GATAD2B/GATAD2A/C17orf49/BAZ2A"
"hsa04611","Platelet activation",64,0.33296846492293,1.75734210827754,0.00272211563195523,0.0130324635785637,0.00839547711851689,2578,"tags=52%, list=33%, signal=35%","ACTB/ITGB1/MYLK/MYL12A/TLN1/PPP1CB/ROCK1/GUCY1A1/RASGRP2/PRKG1/TBXA2R/PIK3R1/ROCK2/PRKCI/ITPR1/PTGIR/COL1A2/TLN2/PLA2G4C/PLCB1/AKT2/RAP1B/ARHGAP35/FCGR2A/GNA13/COL1A1/GUCY1B1/PIK3CA/PRKACB/MAPK14/ITPR2/FCER1G/PIK3R3"
"hsa04931","Insulin resistance",66,0.338414273904682,1.8090132688478,0.00302106125025502,0.0140834767107477,0.00907253688157079,3345,"tags=65%, list=42%, signal=38%","PPP1CB/CREB5/SLC27A1/SLC27A3/TNFRSF1A/INSR/PRKCE/PPP1R3C/PTPN11/AGT/PIK3R1/CREB3L2/STAT3/PRKAG2/RPS6KB2/PRKAG1/IRS2/SLC27A5/AKT2/PPP1R3B/GFPT1/NFKBIA/PTPN1/PRKAA1/SOCS3/PTEN/RPS6KA6/OGA/PIK3CA/MAPK9/PIK3R3/CD36/PRKAB2/MLXIP/PRKCB/GFPT2/IL6/PPARA/IRS1/PTPRF/SLC2A4/PPARGC1B/PIK3CB"
"hsa05169","Epstein-Barr virus infection",111,0.273964438925822,1.62431294733463,0.00328456214152447,0.0150899449110617,0.00972090092228448,2731,"tags=50%, list=35%, signal=33%","VIM/B2M/HLA-A/GADD45B/MAP2K6/HLA-C/CYCS/PDIA3/GADD45A/CDKN1A/SEM1/CALR/CCND2/JUN/MAP2K3/PSMC4/PIK3R1/HLA-DRB1/STAT3/CDKN1B/CIR1/CCND1/PSMD12/CASP3/POLK/AKT2/SIN3A/IRF3/HLA-B/CCND3/FAS/HLA-DRA/NFKBIA/HLA-E/ISG15/TRAF6/EIF2AK2/HES1/HLA-DMA/USP7/CD44/RB1/PIK3CA/MAPK14/MAPK9/MAVS/MYC/PIK3R3/STAT1/TAP1/BAK1/TAPBP/IFNAR2/GADD45G/CDK2"
"hsa00010","Glycolysis / Gluconeogenesis",28,0.445551914486789,1.877013590996,0.00365930634669108,0.0165714301700153,0.0106752696429785,1068,"tags=46%, list=14%, signal=40%","GAPDH/ALDH1B1/PKM/ENO1/LDHA/PGK1/ADH1B/PFKP/HK1/AKR1A1/PGM1/MINPP1/PFKM"
"hsa05168","Herpes simplex virus 1 infection",94,0.282124711202908,1.61515293462074,0.00394854845974586,0.0176294346723864,0.011356833227438,2653,"tags=47%, list=34%, signal=31%","PPP1CB/B2M/HLA-A/ITGA5/HLA-C/CYCS/PDIA3/CALR/TNFRSF1A/CD74/PTPN11/PIK3R1/HLA-DRB1/SP100/JAK2/CASP3/IFNGR1/AKT2/IRF3/HLA-B/FAS/HLA-DRA/HCFC2/NFKBIA/IL1B/HLA-E/BCL2L1/BST2/SRPK1/TRAF6/EIF2AK2/SOCS3/HLA-DMA/PIK3CA/EIF2B4/DAXX/MAVS/BIRC3/PIK3R3/STAT1/TAP1/BAK1/TAPBP/IFNAR2"
"hsa00310","Lysine degradation",29,0.449263959909557,1.91346737638051,0.00542435276482316,0.0238822198117909,0.0153848601809312,2782,"tags=66%, list=35%, signal=43%","ALDH1B1/NSD3/PRDM6/HADH/ASH1L/ACAT2/EHMT1/PRDM16/PLOD2/ALDH3A2/MECOM/KMT2C/PLOD3/PRDM2/SETD2/SETMAR/SMYD2/CAMKMT/TMLHE"
"hsa04070","Phosphatidylinositol signaling system",47,0.355140347919449,1.73742625606542,0.00559919619755277,0.0243143177345785,0.0156632164718852,3800,"tags=79%, list=48%, signal=41%","CDS2/PIK3R1/ITPR1/INPP4B/DGKD/ITPK1/PLCB1/PLCD1/DGKH/IP6K1/PIK3C2A/PIK3C3/PTEN/IP6K2/PIK3CA/PIP5K1A/INPP5A/PIP4P1/PLCE1/PIP4P2/ITPR2/PIK3R3/PIP5K1B/SYNJ2/DGKG/SACM1L/PRKCB/PLCB3/MTMR2/PRKCA/PIK3CB/INPP5F/SYNJ1/IMPA2/PLCD3/PI4K2A/ITPKB"
"hsa05017","Spinocerebellar ataxia",50,0.349334874456118,1.72608724523523,0.00609860571724379,0.02612510827522,0.0168297227474438,3345,"tags=66%, list=42%, signal=38%","CYCS/SEM1/ATP2A2/PSMC4/PIK3R1/SP1/WIPI1/ATXN3/PSMD12/ITPR1/PSMA5/RB1CC1/PLCB1/AKT2/SLC25A5/ATG14/CIC/TBPL1/PUM2/GTF2B/PIK3C3/PIK3CA/MAPK9/RORA/ITPR2/PIK3R3/MAP3K5/ATG2A/PRKCB/PLCB3/PRKCA/OPA1/PIK3CB"
"hsa05215","Prostate cancer",57,0.330046353911369,1.69963828250654,0.00692070478350855,0.0292515122182962,0.0188437435508865,2403,"tags=53%, list=30%, signal=37%","HSP90AA1/HSP90B1/CREB5/PDGFRB/PDGFRA/CTNNB1/ZEB1/CDKN1A/PDGFD/GRB2/TCF7L2/PIK3R1/CREB3L2/PDGFA/RAF1/CDKN1B/CCND1/ERBB2/IGF1R/AKT2/SOS1/AR/NFKBIA/ERG/PTEN/TCF7L1/RB1/PIK3CA/HRAS/MAP2K2"
"hsa01521","EGFR tyrosine kinase inhibitor resistance",48,0.348171335677539,1.70765356673665,0.00736961112523601,0.0299508554705104,0.0192942585465018,3186,"tags=65%, list=40%, signal=39%","GAS6/PDGFRB/PDGFRA/AXL/PDGFD/GRB2/PIK3R1/STAT3/PDGFA/RAF1/RPS6KB2/FOXO3/ERBB2/JAK2/IGF1R/AKT2/SOS1/BCL2L1/NRG2/PTEN/SHC4/PIK3CA/HRAS/MAP2K2/PIK3R3/PRKCB/IL6/SOS2/BCL2/SHC1/PRKCA"
"hsa04371","Apelin signaling pathway",59,0.327963745449128,1.69276778318817,0.0072610340246587,0.0299508554705104,0.0192942585465018,2495,"tags=56%, list=32%, signal=39%","ACTA2/MYLK/MEF2C/RRAS/PRKCE/JAG1/NOTCH3/GNG2/GNB1/SERPINE1/KLF2/RAF1/PRKAG2/CCND1/RPS6KB2/ITPR1/RRAS2/TGFBR1/PRKAG1/GNG11/PLCB1/AKT2/MRAS/EGR1/SPP1/RYR2/PRKAA1/GNA13/PIK3C3/PRKACB/HRAS/MAP2K2/ITPR2"
"hsa04144","Endocytosis",103,0.274820510744631,1.61238628452601,0.00735017401620932,0.0299508554705104,0.0192942585465018,2673,"tags=50%, list=34%, signal=34%","CAV1/HLA-A/HSPA8/HLA-C/PDGFRA/CHMP1B/HSPA1A/CLTC/SPART/EEA1/VPS4B/PRKCI/ARFGAP3/EPN2/SMAP1/WASHC3/WASHC4/TGFBR1/RAB11FIP1/VPS37B/EHD1/ARPC5L/IGF1R/GIT2/RAB11FIP2/HLA-B/RABEP1/GRK5/LDLR/SH3GLB2/HLA-E/VPS45/IQSEC1/ITCH/TRAF6/TFRC/AP2A2/WASHC2C/VTA1/CBL/LDLRAP1/ARFGEF1/PIP5K1A/HRAS/WASHC2A/PSD3/VPS26B/PIP5K1B/STAM2/TGFBR2/RAB11FIP5/WASHC5"
"hsa04012","ErbB signaling pathway",48,0.347180031888319,1.70279158277095,0.00774443703426945,0.0306873317482927,0.0197686945348457,3476,"tags=65%, list=44%, signal=36%","PTK2/CDKN1A/BTC/GRB2/JUN/NCK2/PIK3R1/RAF1/CDKN1B/RPS6KB2/ERBB2/AKT2/SOS1/ELK1/NRG2/CBL/SHC4/PIK3CA/ABL1/HRAS/MAPK9/MAP2K2/MYC/PIK3R3/PRKCB/SOS2/SHC1/PRKCA/PIK3CB/AREG/ABL2"
"hsa05135","Yersinia infection",70,0.306428466036798,1.64283511860661,0.00772535071718711,0.0306873317482927,0.0197686945348457,2593,"tags=49%, list=33%, signal=33%","ACTB/ITGB1/ROCK1/ITGA5/FN1/MAP2K6/PTK2/RAC2/BCAR1/FOS/JUN/MAP2K3/PIK3R1/ROCK2/DOCK1/ARPC5L/AKT2/IRF3/GIT2/NFATC1/NFKBIA/IL1B/FCGR2A/TRAF6/RPS6KA6/PIK3CA/PIP5K1A/MAPK14/MAPK9/FYB1/MAP2K2/NFATC3/PIK3R3/PIP5K1B"
"hsa04935","Growth hormone synthesis, secretion and action",65,0.312383102937184,1.66499717075374,0.00814389649560552,0.0318717924581105,0.0205317208596162,3392,"tags=66%, list=43%, signal=38%","JUNB/CREB5/MAP2K6/MRAP2/PTK2/BCAR1/FOS/GRB2/MAP2K3/PIK3R1/CREB3L2/STAT3/RAF1/IGFBP3/ITPR1/JAK2/IRS2/PLCB1/AKT2/SOS1/SOCS3/SHC4/SSTR2/PIK3CA/PRKACB/SOCS2/HRAS/MAPK14/MAPK9/MAP2K2/ITPR2/PIK3R3/STAT1/GHR/PRKCB/PLCB3/IRS1/SOS2/SHC1/PRKCA/PIK3CB/ATF2/ADCY6"
"hsa04814","Motor proteins",88,0.286272974135727,1.61426101482858,0.00857002376693688,0.0327312955917951,0.0210854104094579,443,"tags=20%, list=6%, signal=20%","ACTB/ACTA2/MYL9/TPM2/TPM1/MYH11/MYH10/MYL12A/ACTG2/TPM4/TUBA1B/TUBA1A/TUBB/TUBB6/MYH9/TUBB4B/DYNC1LI2/ACTA1"
"hsa05160","Hepatitis C",69,0.299795215086875,1.60544752168251,0.00852268902413407,0.0327312955917951,0.0210854104094579,2731,"tags=52%, list=35%, signal=34%","YWHAH/CYCS/CTNNB1/CDKN1A/TNFRSF1A/GRB2/PIAS1/PIK3R1/STAT3/RAF1/CCND1/CASP3/AKT2/SOS1/IRF3/FAS/CFLAR/LDLR/NFKBIA/TRAF6/EIF2AK2/SOCS3/RB1/PIK3CA/HRAS/MAP2K2/MAVS/MYC/PIK3R3/PPP2R2D/STAT1/PPP2R2B/BAK1/IFNAR2/CLDN15/CDK2"
"hsa05230","Central carbon metabolism in cancer",41,0.371267302855242,1.74997429930882,0.00944880348649083,0.0356579845859237,0.0229707753932233,2578,"tags=61%, list=33%, signal=41%","PKM/PDGFRB/NTRK3/PDGFRA/LDHA/HIF1A/GLS/PIK3R1/PFKP/HK1/RAF1/PFKM/ERBB2/IDH2/AKT2/SLC7A5/G6PD/PTEN/SLC1A5/PIK3CA/HRAS/IDH1/MAP2K2/MYC/PIK3R3"
"hsa04217","Necroptosis",53,0.32800772638057,1.62961161352766,0.0100320629609656,0.0374136936308951,0.0241017983210814,1638,"tags=40%, list=21%, signal=32%","HSP90AA1/CAPN2/IL33/TNFRSF1A/TRPM7/CHMP1B/STAT3/VPS4B/CAPN1/DNM1L/PARP1/GLUD1/PLA2G4C/JAK2/IFNGR1/SLC25A5/FAS/CFLAR/GLUL/CYLD/IL1B"
"hsa05022","Pathways of neurodegeneration - multiple diseases",160,0.233271840583378,1.48680123080632,0.0107195343631574,0.0395127022455918,0.0254539738855879,3222,"tags=57%, list=41%, signal=35%","TUBA1B/TUBA1A/TUBB/ATP5F1E/TUBB6/ATP5PF/TUBB4B/HSPA5/MAP2K6/CYCS/CTNNB1/ATP5F1B/ATP5PO/CAPN2/ATP5MC3/SEM1/TNFRSF1A/ATP5MC2/ATP5F1D/FZD3/GPX3/MAP2K3/ATP2A2/PSMC4/TUBB2A/TUBA4A/WIPI1/ATXN3/RAF1/ATP5F1A/PSMD12/ITPR1/CAPN1/ATP5PB/PSMA5/ATP5PD/ATP5MC1/RB1CC1/CASP3/UBE2G1/TUBA1C/PLCB1/SLC25A5/HIP1/CSNK2A1/FAS/ATG14/TRAP1/DVL3/ATF6/IL1B/BCL2L1/RYR2/NDUFA4L2/DCTN1/PIK3C3/GPX8/MFN1/TUBB2B/DCTN4/HRAS/MAPK14/MAPK9/ATP5F1C/MAP2K2/DAXX/ITPR2/PPP3CA/COX4I2/TNFRSF1B/BAK1/UCHL1/MAP3K5/FZD1/SPG11/APC/ATG2A/CASP7/HTT/PRKCB/FADD/FIG4/TOMM40L/PLCB3/IL6/SNCA/CSNK2A2/BCL2/CSF1/PRKCA/CHRM3/GPX7"
"hsa01250","Biosynthesis of nucleotide sugars",21,0.472839180978568,1.81486014308059,0.0112850057322532,0.0409735131697703,0.0263950242568004,1817,"tags=52%, list=23%, signal=40%","GMDS/HK1/PGM1/PMM1/GMPPA/UAP1/GMPPB/GFPT1/UXS1/NANS/FPGT"
"hsa04150","mTOR signaling pathway",71,0.284889704066801,1.5367959508642,0.011374350659116,0.0409735131697703,0.0263950242568004,3487,"tags=63%, list=44%, signal=36%","CLIP1/EIF4B/TNFRSF1A/INSR/FZD3/GRB2/FNIP2/RICTOR/CAB39L/PIK3R1/RAF1/RPS6KB2/IGF1R/LAMTOR3/AKT2/SOS1/SLC7A5/DDIT4/DVL3/ATP6V1B2/PRKAA1/FNIP1/SGK1/PTEN/RPS6KA6/PIK3CA/HRAS/MAP2K2/CAB39/LPIN2/PIK3R3/FZD1/NPRL2/SESN2/RNF152/PRKCB/GRB10/IRS1/SOS2/FLCN/PRKCA/LPIN1/PIK3CB/TELO2/TSC1"
"hsa04668","TNF signaling pathway",74,0.292574297694369,1.59094700784717,0.0118240890263277,0.0421150137229873,0.0271303757670912,3150,"tags=53%, list=40%, signal=32%","JUNB/CREB5/MAP2K6/TNFRSF1A/JAG1/FOS/JUN/CEBPB/MAP2K3/PIK3R1/CREB3L2/IL15/DNM1L/CASP3/MAP3K8/AKT2/FAS/CFLAR/CYLD/NFKBIA/IL1B/ITCH/SOCS3/CX3CL1/PIK3CA/VEGFD/MAPK14/MAPK9/BIRC3/PIK3R3/TNFRSF1B/MAP3K5/IRF1/CCL2/CASP7/FADD/IL6/CCL20/CSF1"
"hsa04932","Non-alcoholic fatty liver disease",51,0.326253234949848,1.61580843846019,0.0124311314536207,0.0437852074533083,0.0282063099649405,3047,"tags=59%, list=39%, signal=36%","CYCS/TNFRSF1A/INSR/FOS/JUN/PIK3R1/PRKAG2/PRKAG1/CASP3/IRS2/AKT2/FAS/IL1B/NDUFA4L2/ITCH/PRKAA1/SOCS3/PIK3CA/MAPK14/MAPK9/PIK3R3/COX4I2/MAP3K5/GSK3A/PRKAB2/MLXIP/CASP7/IL6/PPARA/IRS1"
"hsa03273","Virion - Lassa virus and SFTS virus",11,0.560928055520992,1.74337351393637,0.0129109022609697,0.0444864784426892,0.0286580668035255,162,"tags=36%, list=2%, signal=36%","MYH11/MYH10/PCDH7/MYH9"
"hsa04148","Efferocytosis",84,0.275939433279339,1.54120084492051,0.0128925346375049,0.0444864784426892,0.0286580668035255,2626,"tags=45%, list=33%, signal=30%","MFGE8/GAS6/PTK2/AXL/CALR/BCAR1/ITGAV/HIF1A/CEBPB/ATP2A2/PTPN11/PANX1/DOCK1/JAK2/CASP3/C1QB/ITGB5/DUSP2/NFATC1/ANO6/VPS41/ATP11B/LRP1/CX3CL1/DUSP8/SGK1/VPS39/ADAM9/S1PR1/CH25H/ATP11C/MAPK14/MAP2K2/NFATC3/NFATC4/MAPKAPK2/PECAM1/CD36"
"hsa00532","Glycosaminoglycan biosynthesis - chondroitin sulfate / dermatan sulfate",10,0.59930377010349,1.81829638342207,0.0138338552349799,0.046652469249879,0.0300533921118264,2757,"tags=90%, list=35%, signal=59%","CHST11/CHPF/DSEL/DSE/CSGALNACT1/CHSY1/B3GAT3/CHST14/CHST3"
"hsa05225","Hepatocellular carcinoma",83,0.272177765607403,1.5199509466457,0.0137161305540993,0.046652469249879,0.0300533921118264,2830,"tags=53%, list=36%, signal=34%","ACTB/GADD45B/CTNNB1/GADD45A/CDKN1A/FZD3/GRB2/TCF7L2/PIK3R1/TGFB3/RAF1/CCND1/RPS6KB2/GSTA4/TGFBR1/SMARCC1/POLK/TGFB2/IGF1R/TXNRD1/SMARCA2/AKT2/SOS1/DVL3/BRD7/BCL2L1/ELK1/PHF10/ARID2/PTEN/TCF7L1/SHC4/RB1/PIK3CA/HRAS/MAP2K2/MYC/PIK3R3/TGFBR2/BAK1/GADD45G/LEF1/FZD1/APC"
"hsa00620","Pyruvate metabolism",12,0.527822493753522,1.70119557953504,0.014174951785992,0.0472995759595733,0.0304702564707197,1469,"tags=58%, list=19%, signal=48%","ALDH1B1/PKM/LDHA/ADH1B/AKR1A1/ACAT2/ALDH3A2"
"hsa01200","Carbon metabolism",39,0.353833087626961,1.62648861454462,0.0144284452182907,0.0476439284812309,0.0306920874161009,2440,"tags=51%, list=31%, signal=36%","GAPDH/PKM/ENO1/PGK1/PHGDH/PFKP/HK1/ACAT2/ALDH6A1/PFKM/SUCLG2/GLUD1/IDH3A/IDH2/ALDOC/PCCB/G6PD/PGP/IDH1/RGN"
"hsa05416","Viral myocarditis",43,0.335298524328035,1.59353167502393,0.0150502974142106,0.0491849925804616,0.0316848366614961,1483,"tags=35%, list=19%, signal=28%","ACTB/CAV1/SGCA/HLA-A/HLA-C/CYCS/RAC2/SGCD/DMD/HLA-DRB1/ITGB2/CCND1/CASP3/HLA-B/HLA-DRA"
"hsa04380","Osteoclast differentiation",70,0.292022313510104,1.56560034469362,0.0153709502610888,0.0492859013088952,0.0317498417862383,2653,"tags=49%, list=34%, signal=33%","JUNB/MAP2K6/TNFRSF1A/FOS/GRB2/JUN/ATP2A2/PIK3R1/ITPR1/TNFRSF11B/MITF/TGFBR1/TGFB2/FHL2/FOSB/IFNGR1/AKT2/NFATC1/CYLD/NFKBIA/IL1B/FCGR2A/TRAF6/SOCS3/PIK3CA/MAPK14/MAPK9/FOSL1/ITPR2/PPP3CA/PIK3R3/STAT1/TGFBR2/IFNAR2"
"hsa05418","Fluid shear stress and atherosclerosis",78,0.282414773462462,1.55279710657818,0.0153921269071944,0.0492859013088952,0.0317498417862383,1187,"tags=28%, list=15%, signal=24%","ACTB/CAV1/HSP90AA1/DUSP1/HSP90B1/SDC2/MEF2C/MAP2K6/CTNNB1/PTK2/TNFRSF1A/RAC2/FOS/ITGAV/JUN/PIK3R1/KLF2/PDGFA/ASS1/GSTA4/SDC4/ARHGEF2"
